produto_id,nome_produto,categoria,marca,nosso_preco,preco_medio_concorrentes,preco_minimo_concorrentes,preco_maximo_concorrentes,total_concorrentes,diferenca_percentual_vs_media,diferenca_percentual_vs_minimo,classificacao_preco,receita_total,quantidade_total
prd_00f202452062,Espelho de Parede,Casa,Sony,170.90,171.7550000000000000,167.48,176.03,4,-0.49780210183109662000,2.04203486983520420300,ABAIXO_DA_MEDIA,0,0
prd_02dd786968a0,HD Externo 1TB,Eletrônicos,Adidas,242.99,239.3450000000000000,238.13,242.99,4,1.52290626501493659800,2.04090202830386763500,ACIMA_DA_MEDIA,1883.17,8
prd_032c166122f7,Controle Xbox,Games,Xiaomi,219.90,224.3000000000000000,219.90,226.50,3,-1.96165849308961212700,0.00000000000000000000,ABAIXO_DA_MEDIA,3573.39,17
prd_0347eab01a6c,Memória RAM 8GB,Informática,Mondial,626.00,585.3100000000000000,575.92,594.70,4,6.95187165775401069500,8.69565217391304347800,MAIS_CARO_QUE_TODOS,9202.20,15
prd_045813f96891,Cardigan de Lã,Moda,LG,142.99,146.5650000000000000,135.84,157.29,2,-2.43919080271551871200,5.26354534746760895200,ABAIXO_DA_MEDIA,13898.58,102
prd_052f1c397fc6,Carteira de Couro,Acessórios,Philips,66.99,62.9700000000000000,61.63,65.65,3,6.38399237732253454000,8.69706311861106603900,MAIS_CARO_QUE_TODOS,482.33,7
prd_06c19781c3db,Assadeira de Vidro,Cozinha,Nike,100.90,95.8566666666666667,92.83,98.88,3,5.26132767673957641400,8.69331035225681353000,MAIS_CARO_QUE_TODOS,585.22,6
prd_07ff67746d02,Faqueiro Inox 12 Peças,Cozinha,Mondial,316.99,312.7633333333333333,301.14,326.50,3,1.35139455818563558200,5.26333266919040977600,ACIMA_DA_MEDIA,3058.95,10
prd_08611917c0ae,Relógio de Parede,Casa,Adidas,105.99,103.3400000000000000,97.51,109.17,4,2.56435068705244822900,8.69654394421085016900,ACIMA_DA_MEDIA,1335.47,13
prd_08fc82e8b75d,Persiana Vertical,Casa,Acer,137.90,140.3125000000000000,131.00,146.17,4,-1.71937639198218262800,5.26717557251908396900,ABAIXO_DA_MEDIA,1475.51,11
prd_0aba258682b7,Vestido Floral,Moda,Adidas,72.50,72.0133333333333333,66.70,74.67,3,0.67580077763377157000,8.69565217391304347800,ACIMA_DA_MEDIA,783.01,11
prd_0b790b565ff2,Mixer de Áudio,Áudio,Sony,107.99,107.9900000000000000,99.35,118.79,4,0.00000000000000000000,8.69652742828384499200,NA_MEDIA,91.79,1
prd_0c113961481f,Vestido Floral,Moda,Apple,243.90,241.4600000000000000,239.02,243.90,2,1.01051934067754493500,2.04167015312526148400,ACIMA_DA_MEDIA,2560.93,11
prd_0c5fb549e1c2,Edredom Casal,Casa,Dell,295.90,294.4225000000000000,272.23,304.78,4,0.50182985335699547400,8.69485361642728575100,ACIMA_DA_MEDIA,3743.13,13
prd_0c6ab223bfd4,Post-it,Acessórios,Acer,88.90,87.5650000000000000,81.79,94.23,4,1.52458173927939245100,8.69299425357623181300,ACIMA_DA_MEDIA,0,0
prd_1091c2cfe1e9,Edredom Casal,Casa,Sony,425.90,408.8600000000000000,404.60,417.38,3,4.16768576040698527600,5.26445872466633712300,MAIS_CARO_QUE_TODOS,4557.12,11
prd_11a9489c4c86,Porta-retrato,Casa,Asus,74.99,75.9900000000000000,71.24,79.49,3,-1.31596262666140281600,5.26389668725435148800,ABAIXO_DA_MEDIA,348.70,5
prd_11bf1703f8e9,Caixa de Som Portátil,Áudio,O Boticário,48.00,47.1600000000000000,45.60,48.00,4,1.78117048346055979600,5.26315789473684210500,ACIMA_DA_MEDIA,374.40,8
prd_1317c4a1f775,Tênis Puma Speedcat,Tênis,Puma,451.90,225.9500000000000000,225.95,225.95,4,100.00000000000000000000,100.00000000000000000000,MAIS_CARO_QUE_TODOS,0,0
prd_142839b15f63,Vestido Casual,Moda,Xiaomi,99.50,99.1666666666666667,97.51,102.48,3,0.33613445378151257100,2.04081632653061224500,ACIMA_DA_MEDIA,1248.74,13
prd_1649b8a625e4,Fone de Ouvido Bluetooth,Áudio,Adidas,99.00,95.0400000000000000,94.05,97.02,3,4.16666666666666666700,5.26315789473684210500,MAIS_CARO_QUE_TODOS,564.30,6
prd_1757e5a44e02,Tênis Nike Blazer,Tênis,Nike,37.90,18.9500000000000000,18.95,18.95,4,100.00000000000000000000,100.00000000000000000000,MAIS_CARO_QUE_TODOS,0,0
prd_18c839427e8c,Gabinete ATX,Informática,Samsung,798.90,810.8825000000000000,758.95,878.79,4,-1.47771101238465499000,5.26385137360827459000,ABAIXO_DA_MEDIA,8668.06,11
prd_1974423eecee,Suporte para Monitor,Informática,LG,164.50,160.8000000000000000,156.28,164.50,4,2.30099502487562189100,5.25979012029690299500,ACIMA_DA_MEDIA,1414.73,9
prd_1b8a6057bb97,Shampoo Anticaspa,Beleza,Sony,315.99,312.0400000000000000,290.71,347.59,4,1.26586335085245481300,8.69595129166523339400,ACIMA_DA_MEDIA,1263.96,4
prd_1e4ccab8af1a,Máscara Facial,Beleza,Apple,111.90,108.5433333333333333,106.31,109.66,3,3.09246691029696284200,5.25820713009124259200,MAIS_CARO_QUE_TODOS,1740.06,16
prd_1f81bf3405b1,Fonte PC 500W,Informática,O Boticário,61.90,61.2800000000000000,58.80,63.76,4,1.01174934725848564000,5.27210884353741496600,ACIMA_DA_MEDIA,792.30,13
prd_205f309c1a21,Tapete Persa,Casa,Sony,34.99,35.4275000000000000,32.19,38.49,4,-1.23491637851951167900,8.69835352593973283600,ABAIXO_DA_MEDIA,3035.35,90
prd_206eacaa3048,Joystick Arcade,Games,Asus,116.99,117.5750000000000000,111.14,124.01,4,-0.49755475228577503700,5.26363145582148641400,ABAIXO_DA_MEDIA,772.13,7
prd_223c9b6a0a76,Luminária de Mesa,Casa,Mondial,81.99,80.5550000000000000,77.89,81.99,4,1.78139159580410899400,5.26383361150340223400,ACIMA_DA_MEDIA,1377.42,18
prd_2255432fabe7,Marcador de Texto,Acessórios,Nike,119.99,116.9900000000000000,110.39,119.99,4,2.56432173690058979400,8.69643989491801793600,ACIMA_DA_MEDIA,1361.88,12
prd_225ae25e0a4f,Tênis Puma Suede,Tênis,Adidas,404.50,202.2500000000000000,202.25,202.25,4,100.00000000000000000000,100.00000000000000000000,MAIS_CARO_QUE_TODOS,0,0
prd_2293732b7542,Cortina Blackout,Casa,Xiaomi,68.90,67.9800000000000000,65.45,70.97,3,1.35333921741688732000,5.27119938884644767000,ACIMA_DA_MEDIA,8733.04,130
prd_22f73233f9a5,Notebook Inspiron 15,Eletrônicos,O Boticário,103.90,104.9366666666666667,98.70,114.29,3,-0.98789746196118296700,5.26849037487335359700,ABAIXO_DA_MEDIA,1293.54,13
prd_2365af16d827,Tela Mosquiteira,Casa,Brastemp,151.00,150.6225000000000000,147.98,155.53,4,0.25062656641604010000,2.04081632653061224500,ACIMA_DA_MEDIA,913.55,6
prd_23664e42a71c,Jogo de Toalhas,Casa,Xiaomi,109.90,106.2400000000000000,104.41,109.90,3,3.44503012048192771100,5.25811703859783545600,ACIMA_DA_MEDIA,5517.07,52
prd_289cf61bbd5e,Porta-moedas,Acessórios,Consul,100.50,95.4733333333333333,92.46,98.49,3,5.26499546121080933800,8.69565217391304347800,MAIS_CARO_QUE_TODOS,793.94,8
prd_28cd8ab86936,Porta-moedas,Acessórios,Xiaomi,226.00,225.2466666666666667,221.48,232.78,3,0.33444816053511704200,2.04081632653061224500,ACIMA_DA_MEDIA,2881.50,13
prd_295160cbf171,Controle Xbox,Games,Apple,310.90,333.6966666666666667,329.55,341.99,3,-6.83155360656883997400,-5.65923228645122136200,MAIS_BARATO_QUE_TODOS,2844.71,10
prd_2befc441dd56,Bicicleta Ergométrica,Esporte,Motorola,228.99,236.6233333333333333,228.99,251.89,3,-3.22594277825517346900,0.00000000000000000000,ABAIXO_DA_MEDIA,1957.86,9
prd_2bf8388221ea,Mouse Gamer RGB,Games,Asus,49.99,52.4900000000000000,49.99,54.99,2,-4.76281196418365402900,0.00000000000000000000,ABAIXO_DA_MEDIA,579.88,12
prd_2cbafff50c72,Sabonete Facial,Beleza,Nike,100.90,101.4050000000000000,95.86,106.95,4,-0.49800305704846901000,5.25766743167118714800,ABAIXO_DA_MEDIA,10826.78,112
prd_2cc016f9687b,Vestido Casual,Moda,Arno,199.90,196.9025000000000000,189.91,205.90,4,1.52232704003250339600,5.26038649886788478800,ACIMA_DA_MEDIA,0,0
prd_30518d908a92,Cinto de Couro,Acessórios,Asus,80.99,82.4075000000000000,76.94,85.85,4,-1.72011042684221703100,5.26384195476995061100,ABAIXO_DA_MEDIA,8410.78,107
prd_3053916502fb,Cabo USB-C,Eletrônicos,Electrolux,448.50,444.0150000000000000,412.62,475.41,4,1.01010101010101010100,8.69565217391304347800,ACIMA_DA_MEDIA,5987.44,14
prd_305f920b8836,Brincos de Prata,Acessórios,Lenovo,935.50,926.1450000000000000,888.72,963.57,4,1.01010101010101010100,5.26375011252137906200,ACIMA_DA_MEDIA,6174.29,7
prd_31b74a170d35,Saia Midi,Moda,Consul,72.90,77.2700000000000000,77.27,77.27,1,-5.65549372330788145500,-5.65549372330788145500,MAIS_BARATO_QUE_TODOS,338.99,5
prd_3308eb4d2b62,Cobertor de Lã,Casa,Arno,32.99,32.6600000000000000,30.35,34.97,2,1.01041028781383955900,8.69851729818780889600,ACIMA_DA_MEDIA,385.98,12
prd_334f4a32f979,Persiana Vertical,Casa,Motorola,404.50,395.3975000000000000,384.27,404.50,4,2.30211369571127789100,5.26452754573607099200,ACIMA_DA_MEDIA,42310.56,108
prd_359246d9ed10,SSD 500GB,Eletrônicos,Dell,118.99,119.3866666666666667,113.04,126.13,3,-0.33225374134465046300,5.26362349610757254100,ABAIXO_DA_MEDIA,1053.06,9
prd_35a61bfe666d,Teclado Mecânico RGB,Eletrônicos,Xiaomi,55.99,54.0300000000000000,53.19,54.87,2,3.62761428835831945200,5.26414739612709155900,MAIS_CARO_QUE_TODOS,111.98,2
prd_3805ad8d3d2c,Adaptador HDMI-VGA,Informática,Apple,148.90,147.0400000000000000,136.99,153.37,4,1.26496191512513601700,8.69406526023797357500,ACIMA_DA_MEDIA,588.16,4
prd_380fab5d7131,Porta-retrato,Casa,Philips,142.90,151.4700000000000000,151.47,151.47,3,-5.65788605004291278800,-5.65788605004291278800,MAIS_BARATO_QUE_TODOS,2114.92,15
prd_385035a5bc20,Notebook Inspiron 15,Eletrônicos,Adidas,219.90,219.1666666666666667,215.50,226.50,3,0.33460076045627374900,2.04176334106728538300,ACIMA_DA_MEDIA,20813.53,98
prd_38c1b898aecc,Microfone para Stream,Games,Samsung,140.90,136.6700000000000000,133.85,140.90,4,3.09504646228140777100,5.26709002614867388900,ACIMA_DA_MEDIA,8334.20,62
prd_39484d5e0b36,Tênis Nike Revolution,Tênis,Adidas,69.90,34.9500000000000000,34.95,34.95,4,100.00000000000000000000,100.00000000000000000000,MAIS_CARO_QUE_TODOS,0,0
prd_3bee9877eb80,Rádio AM/FM,Áudio,Lenovo,45.50,45.1966666666666667,41.86,48.23,3,0.67114093959731536200,8.69565217391304347800,ACIMA_DA_MEDIA,473.20,11
prd_3cf08e85ad27,Suporte para Controle,Games,Philips,31.90,30.8366666666666667,29.35,32.86,3,3.44827586206896540500,8.68824531516183986400,ACIMA_DA_MEDIA,0,0
prd_3dd1d39581ca,Halteres Ajustáveis,Esporte,Asus,52.99,55.5075000000000000,52.99,58.29,4,-4.53542314101697968700,0.00000000000000000000,ABAIXO_DA_MEDIA,389.47,8
prd_3e42ffcc8dd9,Mochila Escolar,Acessórios,Acer,67.90,66.9933333333333333,64.50,69.94,3,1.35336849437755005500,5.27131782945736434100,ACIMA_DA_MEDIA,886.08,13
prd_3e585d1aaf6c,Gabinete ATX,Informática,LG,209.90,208.5033333333333333,199.41,216.20,3,0.66985339962590527700,5.26051852966250438800,ACIMA_DA_MEDIA,4072.06,19
prd_3fb63c4ea3c2,Óculos de Sol,Acessórios,Arno,164.99,170.4900000000000000,164.99,181.49,3,-3.22599565956947621600,0.00000000000000000000,ABAIXO_DA_MEDIA,998.19,6
prd_40902505f7f1,Fonte PC 500W,Informática,Philips,495.90,490.9400000000000000,456.23,525.65,4,1.01030675846335601100,8.69517567893387107400,ACIMA_DA_MEDIA,1438.11,3
prd_40dc70ce05b2,Assadeira de Vidro,Cozinha,Lenovo,1310.50,1326.8825000000000000,1284.29,1389.13,4,-1.23466094397959126000,2.04081632653061224500,ABAIXO_DA_MEDIA,11663.44,9
prd_4219bde6f03a,Tênis Nike Air Max,Tênis,Adidas,68.99,34.4900000000000000,34.49,34.49,3,100.02899391127863148700,100.02899391127863148700,MAIS_CARO_QUE_TODOS,0,0
prd_4327485950d4,Tênis Nike Revolution,Tênis,Adidas,105.90,52.9500000000000000,52.95,52.95,4,100.00000000000000000000,100.00000000000000000000,MAIS_CARO_QUE_TODOS,0,0
prd_473cb7923d3d,Kit Gamer Completo,Games,Motorola,109.90,110.2666666666666667,101.11,116.49,3,-0.33252720677146315000,8.69350212639699337400,ABAIXO_DA_MEDIA,653.91,6
prd_474405dcce41,Brincos de Prata,Acessórios,Motorola,67.90,69.4275000000000000,66.54,74.69,4,-2.20013683338734651300,2.04388337841899609300,ABAIXO_DA_MEDIA,614.49,9
prd_47a25ae10c23,Soundbar TV,Áudio,Acer,88.99,94.3300000000000000,87.21,97.89,3,-5.66097741969680907500,2.04105033826396055500,ABAIXO_DA_MEDIA,1610.71,19
prd_4a5427b33a63,Mouse Pad Gamer,Informática,Sony,78.90,76.9275000000000000,72.59,83.63,4,2.56410256410256410300,8.69265739082518253200,ACIMA_DA_MEDIA,1412.30,18
prd_4e1abbd002eb,Mochila Esportiva,Esporte,Samsung,44.90,47.5925000000000000,44.00,49.39,4,-5.65740400273152282400,2.04545454545454545500,ABAIXO_DA_MEDIA,617.36,14
prd_4ee65ed59110,Frigideira Antiaderente,Cozinha,Philips,41.90,39.8000000000000000,39.80,39.80,1,5.27638190954773869300,5.27638190954773869300,MAIS_CARO_QUE_TODOS,5061.36,124
prd_5112469132ff,Placa Mãe B450,Informática,Dell,413.50,388.6866666666666667,380.42,392.82,3,6.38389105191842614400,8.69565217391304347800,MAIS_CARO_QUE_TODOS,3535.41,9
prd_51511e44c92a,Kit Gamer Completo,Games,Mondial,88.90,90.2350000000000000,88.90,91.57,4,-1.47947027206737962000,0.00000000000000000000,ABAIXO_DA_MEDIA,8129.85,93
prd_52514818b0b6,Raquete de Tênis,Esporte,Asus,69.90,69.7275000000000000,66.41,72.00,4,0.24739163170915349000,5.25523264568589067900,ACIMA_DA_MEDIA,0,0
prd_533e5e22d86e,Rádio AM/FM,Áudio,Acer,337.99,343.9050000000000000,331.23,358.27,4,-1.71995173085590497400,2.04087793980013887600,ABAIXO_DA_MEDIA,0,0
prd_5437b387f602,Webcam 1080p,Informática,LG,227.90,222.5800000000000000,216.50,234.74,3,2.39015185551262467400,5.26558891454965358000,ACIMA_DA_MEDIA,1515.54,7
prd_55776d3e5c2a,Garrafa Esportiva,Esporte,Adidas,183.90,181.4466666666666667,174.70,189.42,3,1.35209611639783956700,5.26617057813394390400,ACIMA_DA_MEDIA,1572.34,9
prd_56e08463d21c,Tapete Persa,Casa,Brastemp,223.90,223.1533333333333333,219.42,230.62,3,0.33459803423654887500,2.04174642238629113100,ACIMA_DA_MEDIA,2373.32,11
prd_5744e3f88341,Jarra de Vidro,Cozinha,Apple,192.90,193.5433333333333333,189.04,198.69,3,-0.33239756815872412700,2.04189589504866694900,ABAIXO_DA_MEDIA,1986.89,11
prd_5a6fd66e1c00,Vestido Casual,Moda,Philips,112.90,109.1366666666666667,103.87,116.29,3,3.44827586206896548600,8.69355925676326177000,ACIMA_DA_MEDIA,2365.26,22
prd_5ae195cb554b,Microfone para Stream,Games,Samsung,58.50,55.5750000000000000,53.82,57.33,2,5.26315789473684210500,8.69565217391304347800,MAIS_CARO_QUE_TODOS,175.50,3
prd_5da705f2fce5,Mouse Gamer RGB,Games,Philips,49.00,48.3466666666666667,48.02,49.00,3,1.35135135135135128100,2.04081632653061224500,ACIMA_DA_MEDIA,0,0
prd_6185cee255bc,Caixa de Som 2.1,Áudio,LG,107.90,110.7766666666666667,105.74,118.69,3,-2.59681641741642346400,2.04274635899375827500,ABAIXO_DA_MEDIA,318.30,3
prd_6212ac3178f2,Óculos de Natação,Esporte,Samsung,144.90,137.2950000000000000,133.31,149.25,4,5.53916748607014093700,8.69402145375440702100,ACIMA_DA_MEDIA,1369.33,10
prd_622325b011e6,Iluminador para Stream,Games,Sony,323.90,334.6933333333333333,317.42,343.33,3,-3.22484264202055612100,2.04145926532669649000,ABAIXO_DA_MEDIA,2720.76,9
prd_6343e70ed4b9,Sérum Vitamina C,Beleza,Xiaomi,152.00,150.4800000000000000,139.84,167.20,3,1.01010101010101010100,8.69565217391304347800,ACIMA_DA_MEDIA,1626.40,11
prd_64000b956cf3,Tapete Persa,Casa,Motorola,258.90,269.2525000000000000,253.72,274.43,4,-3.84490394703856045900,2.04162068421882390000,ABAIXO_DA_MEDIA,3093.85,12
prd_6442b103f637,Adaptador HDMI-VGA,Informática,Arno,299.90,309.8933333333333333,293.90,317.89,3,-3.22476551071336372800,2.04151071793126913900,ABAIXO_DA_MEDIA,1454.51,5
prd_645f7859f379,Calça Jeans Skinny,Moda,Asus,486.90,491.7675000000000000,462.55,516.11,4,-0.98979700773231252600,5.26429575181061506900,ABAIXO_DA_MEDIA,41313.34,88
prd_651e8d1acbf8,Processador de Alimentos,Cozinha,Brastemp,464.90,466.4500000000000000,455.60,478.85,3,-0.33229713795690856500,2.04126426690079016700,ABAIXO_DA_MEDIA,7554.61,17
prd_65c60230d4ed,Base Líquida,Beleza,Asus,99.90,96.5733333333333333,94.91,99.90,3,3.44470523263840953500,5.25761247497629333100,ACIMA_DA_MEDIA,1073.93,11
prd_6742b65088d8,Porta-temperos,Cozinha,Adidas,41.99,42.4100000000000000,41.99,43.25,3,-0.99033246875736854500,0.00000000000000000000,ABAIXO_DA_MEDIA,440.89,11
prd_6747a9118767,Mouse Gamer Logitech,Eletrônicos,Motorola,55.50,54.2000000000000000,52.72,57.16,3,2.39852398523985239900,5.27314112291350531100,ACIMA_DA_MEDIA,0,0
prd_686e2aab873d,Blusa de Frio,Moda,Philips,89.50,89.7250000000000000,87.71,92.19,4,-0.25076623014767344700,2.04081632653061224500,ABAIXO_DA_MEDIA,9589.86,110
prd_694bd92302c1,Gabinete ATX,Informática,Mondial,92.90,94.7566666666666667,92.90,98.47,3,-1.95940479121961518900,0.00000000000000000000,ABAIXO_DA_MEDIA,1491.04,16
prd_6ae727ee4463,Placa Mãe B450,Informática,Xiaomi,74.00,72.3350000000000000,68.08,76.22,4,2.30179028132992327400,8.69565217391304347800,ACIMA_DA_MEDIA,703.00,10
prd_6b1b9c7303d5,Peneira Inox,Cozinha,Samsung,765.99,727.6900000000000000,727.69,727.69,2,5.26323022166032239000,5.26323022166032239000,MAIS_CARO_QUE_TODOS,4557.64,6
prd_6d4e3b1efd0c,Necessaire,Acessórios,Xiaomi,1139.99,1142.8400000000000000,1082.99,1174.19,4,-0.24937874068111021700,5.26320649313474732000,ABAIXO_DA_MEDIA,63668.43,57
prd_6eca734f2e84,Edredom Casal,Casa,Electrolux,227.99,225.1400000000000000,209.75,234.83,4,1.26587900861686062000,8.69606674612634088200,ACIMA_DA_MEDIA,4411.60,20
prd_6f0a4eefed22,Faqueiro Inox 12 Peças,Cozinha,Apple,39.99,40.7900000000000000,37.99,43.99,4,-1.96126501593527825400,5.26454330086864964500,ABAIXO_DA_MEDIA,393.90,10
prd_727f175116c6,Bicicleta Ergométrica,Esporte,Apple,63.90,65.8166666666666667,63.90,67.73,3,-2.91212965307672833500,0.00000000000000000000,ABAIXO_DA_MEDIA,638.99,10
prd_728d12065bf5,Suporte para Monitor,Informática,Consul,430.00,433.2250000000000000,408.50,473.00,4,-0.74441687344913151400,5.26315789473684210500,ABAIXO_DA_MEDIA,2515.50,6
prd_76ede0cece8f,Óculos de Natação,Esporte,Lenovo,58.00,58.7733333333333333,56.84,61.48,3,-1.31578947368421047000,2.04081632653061224500,ABAIXO_DA_MEDIA,504.60,9
prd_7798c88cc490,Kit Utensílios de Cozinha,Cozinha,Consul,465.50,459.2900000000000000,442.22,493.43,3,1.35208691676282958500,5.26434806205056306800,ACIMA_DA_MEDIA,6074.79,14
prd_7a89c1a36f9e,Mesa para Notebook,Informática,Puma,519.50,519.5000000000000000,509.11,550.67,4,0.00000000000000000000,2.04081632653061224500,NA_MEDIA,1454.59,3
prd_7af81d9a08ba,Controle PlayStation,Games,O Boticário,49.99,49.9900000000000000,47.49,54.99,4,0.00000000000000000000,5.26426616129711518200,NA_MEDIA,419.91,9
prd_7dd7624b4d5f,Fone de Ouvido com Fio,Áudio,Brastemp,297.90,291.1950000000000000,283.00,297.90,4,2.30258074486169062000,5.26501766784452296800,ACIMA_DA_MEDIA,2010.82,7
prd_803bcbb7ef84,Porta-temperos,Cozinha,Samsung,118.00,115.0500000000000000,108.56,121.54,4,2.56410256410256410300,8.69565217391304347800,ACIMA_DA_MEDIA,1534.00,13
prd_815b38747487,Conjunto de Malha,Moda,Brastemp,86.50,90.8233333333333333,89.09,91.69,3,-4.76015708151356109100,-2.90717252216859355700,MAIS_BARATO_QUE_TODOS,1029.33,13
prd_82cd17cb589d,Persiana Vertical,Casa,Dell,44.90,45.1225000000000000,42.65,47.59,4,-0.49310211092027259100,5.27549824150058616600,ABAIXO_DA_MEDIA,3111.46,73
prd_84a009f1889d,Cortina Box,Casa,Consul,32.90,32.3225000000000000,31.25,33.89,4,1.78668110449377368700,5.28000000000000000000,ACIMA_DA_MEDIA,2732.25,85
prd_84c0492c5dd9,Óculos de Natação,Esporte,Samsung,132.00,129.0300000000000000,125.40,135.96,4,2.30179028132992327400,5.26315789473684210500,ACIMA_DA_MEDIA,924.00,7
prd_84fc6c2a33f2,Abre-latas,Cozinha,Sony,393.90,388.6466666666666667,374.20,405.72,3,1.35169905827057995300,5.26456440406199893100,ACIMA_DA_MEDIA,2284.60,6
prd_854644557483,Boné Esportivo,Esporte,Apple,64.90,62.9550000000000000,59.71,66.85,4,3.08950837900087364000,8.69201138837715625500,ACIMA_DA_MEDIA,0,0
prd_899bd21840eb,Mixer de Áudio,Áudio,O Boticário,53.50,53.6350000000000000,52.43,55.11,4,-0.25170131444019763200,2.04081632653061224500,ABAIXO_DA_MEDIA,540.35,10
prd_89d76b194110,Travesseiro Ortopédico,Casa,Sony,179.99,183.5900000000000000,179.99,190.79,3,-1.96089111607386023200,0.00000000000000000000,ABAIXO_DA_MEDIA,1214.93,7
prd_8b22fd85d500,Garrafa Térmica 1L,Cozinha,Sony,324.99,331.4900000000000000,324.99,344.49,3,-1.96084346435789918200,0.00000000000000000000,ABAIXO_DA_MEDIA,21498.06,69
prd_8fa1119d3982,Roteador Wi-Fi 6,Eletrônicos,Adidas,39.90,41.6300000000000000,39.90,43.89,3,-4.15565697814076387200,0.00000000000000000000,ABAIXO_DA_MEDIA,231.42,6
prd_90725b7ac0e8,Espelho de Parede,Casa,Adidas,78.99,79.1875000000000000,72.67,83.73,4,-0.24940805051302288900,8.69684876840511903100,ABAIXO_DA_MEDIA,537.13,7
prd_9120195f0253,Mouse Pad Gamer,Informática,Philips,126.99,121.4866666666666667,116.83,126.99,3,4.52998957361576027400,8.69639647350851664800,ACIMA_DA_MEDIA,0,0
prd_9239eec8982d,HD Externo 2TB,Informática,Arno,51.99,52.1200000000000000,50.95,53.55,4,-0.24942440521872601700,2.04121687929342492600,ABAIXO_DA_MEDIA,3738.06,74
prd_9259039bf9b2,Tábua de Corte,Cozinha,Sony,240.99,239.3833333333333333,228.94,248.22,3,0.67116897584070181700,5.26338778719315104400,ACIMA_DA_MEDIA,4880.04,21
prd_92c0ecf60a58,Jogo de Toalhas,Casa,Brastemp,180.90,185.1166666666666667,171.85,191.75,3,-2.27784280183667958900,5.26622054116962467300,ABAIXO_DA_MEDIA,12011.76,69
prd_92c4758afec3,Vestido Floral,Moda,Arno,325.90,319.3800000000000000,319.38,319.38,2,2.04145531968188365000,2.04145531968188365000,MAIS_CARO_QUE_TODOS,1776.14,6
prd_93ed035b2e9e,Peneira Inox,Cozinha,Arno,116.99,113.0900000000000000,107.63,116.99,3,3.44858077637280042400,8.69646009476911641700,ACIMA_DA_MEDIA,678.54,6
prd_951e09f3ecb1,Chaveiro Personalizado,Acessórios,LG,48.99,47.8466666666666667,45.07,51.93,3,2.38957781802981740100,8.69758153982693587800,ACIMA_DA_MEDIA,411.52,8
prd_96fbc500aec1,Edredom Casal,Casa,Asus,58.90,59.7825000000000000,54.19,64.79,4,-1.47618450215364027900,8.69164052408193393600,ABAIXO_DA_MEDIA,644.95,11
prd_996db03524ae,Elástico de Resistência,Esporte,Sony,123.90,126.6900000000000000,123.90,127.62,4,-2.20222590575420317300,0.00000000000000000000,ABAIXO_DA_MEDIA,2093.90,17
prd_9a3dfc23b7a3,Relógio Analógico,Acessórios,Mondial,105.50,111.8300000000000000,111.83,111.83,2,-5.66037735849056603800,-5.66037735849056603800,MAIS_BARATO_QUE_TODOS,1840.95,18
prd_9aa451566556,Jarra de Vidro,Cozinha,Apple,395.90,392.9275000000000000,376.10,419.65,4,0.75650088120582041200,5.26455729859080031900,ACIMA_DA_MEDIA,4513.23,12
prd_9adbaa3083e1,Jaqueta Jeans,Moda,Sony,93.50,90.3866666666666667,86.02,96.31,3,3.44446083493140577400,8.69565217391304347800,ACIMA_DA_MEDIA,1608.19,18
prd_9b4e39e312d9,Carteira de Couro,Acessórios,Asus,1287.99,1275.1100000000000000,1262.23,1287.99,2,1.01010893177843480200,2.04083249487019006000,ACIMA_DA_MEDIA,7405.94,6
prd_9b6e92e0766c,Casaco de Inverno,Moda,Arno,35.90,36.6200000000000000,35.90,36.98,3,-1.96613872200983069400,0.00000000000000000000,ABAIXO_DA_MEDIA,357.19,10
prd_9d1aea4d28ae,Pesos de Pulso,Esporte,Sony,1324.90,1341.4600000000000000,1298.40,1404.39,4,-1.23447586957494073600,2.04097350585335797900,ABAIXO_DA_MEDIA,6094.54,5
prd_9d7b9035daa0,Forma de Bolo Redonda,Cozinha,O Boticário,191.90,198.2933333333333333,188.06,203.41,3,-3.22417966648735877900,2.04190152079123683900,ABAIXO_DA_MEDIA,2811.36,15
prd_9f5272275347,Marcador de Texto,Acessórios,Sony,59.50,59.7975000000000000,54.74,65.45,4,-0.49751243781094527400,8.69565217391304347800,ABAIXO_DA_MEDIA,981.74,17
prd_a17c779dd289,Gravador de Voz,Áudio,Asus,64.90,65.5500000000000000,61.66,71.39,3,-0.99160945842868039700,5.25462212131041193600,ABAIXO_DA_MEDIA,869.68,14
prd_a3ae425a3edd,Pesos de Pulso,Esporte,Philips,83.99,83.9900000000000000,83.99,83.99,3,0.00000000000000000000,0.00000000000000000000,NA_MEDIA,1318.64,16
prd_a4025bac91a7,Óculos de Sol,Acessórios,Xiaomi,52.90,52.5466666666666667,48.67,56.07,3,0.67241816797767057800,8.69118553523731251300,ACIMA_DA_MEDIA,5321.61,104
prd_a479149bae3b,Edredom Casal,Casa,Electrolux,87.99,89.4566666666666667,83.59,96.79,3,-1.63952751797890975100,5.26378753439406627600,ABAIXO_DA_MEDIA,607.13,7
prd_a4ee2d52d1c5,Suporte para Controle,Games,Arno,213.90,210.3333333333333333,203.20,213.90,3,1.69572107765451665600,5.26574803149606299200,ACIMA_DA_MEDIA,2534.71,12
prd_a7c360e156c0,Gabinete ATX,Informática,Motorola,171.99,174.1400000000000000,163.39,189.19,4,-1.23463879637073618900,5.26348001713691168400,ABAIXO_DA_MEDIA,662.16,4
prd_ab011325c1be,Suporte para Controle,Games,Samsung,31.99,30.3900000000000000,29.43,31.35,4,5.26488976637051661700,8.69860686374447842300,MAIS_CARO_QUE_TODOS,220.73,7
prd_abc44b46bee1,Sabonete Facial,Beleza,Asus,149.90,152.8975000000000000,137.91,164.89,4,-1.96046370934776566000,8.69407584656660140700,ABAIXO_DA_MEDIA,442.21,3
prd_ae7b2acb6812,Cinto de Couro,Acessórios,Samsung,1108.90,1097.8100000000000000,1020.19,1175.43,4,1.01019302065020358700,8.69543908487634656300,ACIMA_DA_MEDIA,11809.79,11
prd_afd58e5fd09d,Condicionador Hidratante,Beleza,Asus,451.90,457.5475000000000000,442.86,479.01,4,-1.23429807834159294900,2.04127715305062548000,ABAIXO_DA_MEDIA,31587.75,71
prd_b09d96e599b3,Marcador de Texto,Acessórios,Asus,203.90,202.3675000000000000,193.70,216.13,4,0.75728563133902430000,5.26587506453278265400,ACIMA_DA_MEDIA,397.60,2
prd_b17460641fb4,Garrafa Térmica 1L,Cozinha,Xiaomi,239.99,244.7900000000000000,235.19,263.99,3,-1.96086441439601290900,2.04090309962158255000,ABAIXO_DA_MEDIA,2723.88,12
prd_b2fdb7f36a3f,Blusa de Algodão,Moda,LG,52.99,49.5450000000000000,48.75,50.34,2,6.95327480068624482800,8.69743589743589743600,MAIS_CARO_QUE_TODOS,442.46,9
prd_b4a823952be5,Amplificador de Áudio,Áudio,Consul,73.90,77.5925000000000000,72.42,81.29,4,-4.75883622772819538000,2.04363435515051090900,ABAIXO_DA_MEDIA,727.91,10
prd_b4a98acf1a5f,Cardigan de Lã,Moda,LG,35.90,35.3600000000000000,34.10,36.98,4,1.52714932126696832600,5.27859237536656891500,ACIMA_DA_MEDIA,355.40,10
prd_b7490508211e,Vestido Floral,Moda,Apple,220.00,218.9000000000000000,209.00,226.60,4,0.50251256281407035200,5.26315789473684210500,ACIMA_DA_MEDIA,17842.00,84
prd_b76e68fde5cb,Perfume 100ml,Beleza,Nike,457.90,451.7933333333333333,435.00,471.64,3,1.35165045964969234500,5.26436781609195402300,ACIMA_DA_MEDIA,4350.03,10
prd_bc0258300d50,Assadeira de Vidro,Cozinha,Sony,35.99,36.8900000000000000,35.27,38.15,4,-2.43968555164001084300,2.04139495321803232200,ABAIXO_DA_MEDIA,0,0
prd_bf5d8671f7a9,Placa Mãe B450,Informática,Brastemp,119.90,119.5000000000000000,113.91,127.09,3,0.33472803347280334700,5.25853744184004916200,ACIMA_DA_MEDIA,15569.17,134
prd_bf94f6ee7033,Mochila Esportiva,Esporte,Sony,78.90,77.9150000000000000,72.59,81.27,4,1.26419816466662388500,8.69265739082518253200,ACIMA_DA_MEDIA,1660.84,22
prd_c11c85a4804c,Quadro Decorativo,Casa,Mondial,93.99,92.1100000000000000,92.11,92.11,3,2.04103788947996960200,2.04103788947996960200,MAIS_CARO_QUE_TODOS,0,0
prd_c1f6dcbed826,Descascador de Legumes,Cozinha,Adidas,192.90,194.1833333333333333,189.04,204.47,3,-0.66088747746974506900,2.04189589504866694900,ABAIXO_DA_MEDIA,2758.49,15
prd_c29b93111bd9,Colar de Ouro,Acessórios,Arno,206.90,214.1400000000000000,202.76,227.59,4,-3.38096572335855048100,2.04182284474255277200,ABAIXO_DA_MEDIA,3713.87,19
prd_c4c05e57d1ff,Tênis Nike Dunk,Tênis,Nike,95.90,47.9500000000000000,47.95,47.95,4,100.00000000000000000000,100.00000000000000000000,MAIS_CARO_QUE_TODOS,0,0
prd_c50822dc2e7c,Teclado Mecânico RGB,Eletrônicos,Philips,223.99,223.4300000000000000,206.07,237.43,4,0.25063778364588461700,8.69607414956082884500,ACIMA_DA_MEDIA,1086.35,5
prd_c62100cc281c,Webcam para Stream,Games,Samsung,48.90,48.0425000000000000,46.45,50.37,4,1.78487797262840193600,5.27448869752421959100,ACIMA_DA_MEDIA,4828.73,102
prd_c632a36ece80,Tênis Nike Air Max,Tênis,Adidas,64.90,32.4500000000000000,32.45,32.45,3,100.00000000000000000000,100.00000000000000000000,MAIS_CARO_QUE_TODOS,0,0
prd_c708b046fef8,Halteres Ajustáveis,Esporte,Mondial,46.00,44.3900000000000000,43.70,45.08,2,3.62694300518134715000,5.26315789473684210500,MAIS_CARO_QUE_TODOS,262.20,6
prd_c90040774892,Tênis de Corrida,Esporte,Sony,147.99,146.0166666666666667,140.59,152.43,3,1.35144389909827642900,5.26353225691727718900,ACIMA_DA_MEDIA,2020.06,14
prd_c9b4024b7b9e,Toca-discos USB,Áudio,Mondial,95.50,91.2000000000000000,87.86,95.50,4,4.71491228070175438600,8.69565217391304347800,ACIMA_DA_MEDIA,1346.52,15
prd_c9ce9d378723,Processador Intel i5,Informática,Electrolux,41.90,42.7375000000000000,39.80,46.09,4,-1.95963732085405089200,5.27638190954773869300,ABAIXO_DA_MEDIA,324.71,8
prd_cc3053305ba7,iPhone 14,Eletrônicos,Motorola,616.90,596.3366666666666667,567.55,616.90,3,3.44827586206896551100,8.69526913928288256500,ACIMA_DA_MEDIA,6662.50,11
prd_d0368e440753,Batom Matte,Beleza,Adidas,34.90,34.5500000000000000,33.15,35.95,2,1.01302460202604920400,5.27903469079939668200,ACIMA_DA_MEDIA,520.00,15
prd_d17f09896254,Tênis Nike Revolution,Tênis,Puma,174.90,87.4500000000000000,87.45,87.45,4,100.00000000000000000000,100.00000000000000000000,MAIS_CARO_QUE_TODOS,0,0
prd_d205de276c20,Raquete de Tênis,Esporte,Sony,64.99,64.1233333333333333,63.69,64.99,3,1.35156209388158242000,2.04113675616266289800,ACIMA_DA_MEDIA,253.46,4
prd_d21486ad974a,Teclado Gamer RGB,Games,Motorola,307.50,304.4250000000000000,282.90,325.95,4,1.01010101010101010100,8.69565217391304347800,ACIMA_DA_MEDIA,1568.25,5
prd_d22d1b8b1502,Camisa Social,Moda,Brastemp,1149.90,1075.1550000000000000,1057.91,1092.40,2,6.95202087140923866800,8.69544668261005189500,MAIS_CARO_QUE_TODOS,115794.92,103
prd_d500fa66507e,Shorts Jeans,Moda,Electrolux,384.99,376.3275000000000000,365.74,396.54,4,2.30185144588157921000,5.26330179909225132600,ACIMA_DA_MEDIA,28431.49,76
prd_d51f590876b9,Boné Esportivo,Esporte,O Boticário,58.90,61.5500000000000000,60.67,62.43,2,-4.30544272948822095900,-2.91742211966375473900,MAIS_BARATO_QUE_TODOS,521.26,9
prd_d5b7bdafd562,Tênis Adidas Stan Smith,Tênis,Nike,197.90,98.9500000000000000,98.95,98.95,3,100.00000000000000000000,100.00000000000000000000,MAIS_CARO_QUE_TODOS,0,0
prd_d8ec0b81e223,Toca-discos USB,Áudio,O Boticário,371.90,374.3766666666666667,364.46,394.21,3,-0.66154407771139584000,2.04137628271964001500,ABAIXO_DA_MEDIA,2454.53,7
prd_d92ad43fa137,Smart TV 43 Polegadas,Eletrônicos,Philips,66.90,69.3500000000000000,63.55,73.59,3,-3.53280461427541456400,5.27143981117230527100,ABAIXO_DA_MEDIA,6325.38,99
prd_da5c2c38df2e,Tênis Nike Court,Tênis,Puma,31.90,15.9500000000000000,15.95,15.95,3,100.00000000000000000000,100.00000000000000000000,MAIS_CARO_QUE_TODOS,0,0
prd_db8fc9e6fa53,Paleta de Sombras,Beleza,LG,1420.99,1349.9400000000000000,1307.31,1392.57,4,5.26319688282442182600,8.69571868952276047800,MAIS_CARO_QUE_TODOS,10870.57,8
prd_dd8079e89b90,Porta-retrato,Casa,Nike,84.90,81.9300000000000000,80.66,83.20,4,3.62504577077993409000,5.25663277956855938500,MAIS_CARO_QUE_TODOS,641.01,8
prd_df1e44c528e0,Fone de Ouvido Esportivo,Áudio,O Boticário,192.99,190.4166666666666667,189.13,192.99,3,1.35142231947483586800,2.04092423200972875800,ACIMA_DA_MEDIA,3994.89,21
prd_dfac11815029,Microfone para Stream,Games,Apple,189.00,187.1100000000000000,173.88,200.34,4,1.01010101010101010100,8.69565217391304347800,ACIMA_DA_MEDIA,12294.45,67
prd_e3934c71bd0c,Meia Esportiva,Esporte,Sony,391.90,394.5100000000000000,384.06,415.41,3,-0.66158018808141745500,2.04134770608759048100,ABAIXO_DA_MEDIA,1822.33,5
prd_e55f1f3ae9ad,SSD 500GB,Eletrônicos,Arno,71.90,71.9000000000000000,71.90,71.90,2,0.00000000000000000000,0.00000000000000000000,NA_MEDIA,701.04,10
prd_e561d57f2a21,Caixa de Som 2.1,Áudio,Acer,116.99,118.5500000000000000,114.65,120.50,3,-1.31590046393926613200,2.04099433057130396900,ABAIXO_DA_MEDIA,2129.21,19
prd_e580cb77e94a,Máscara Facial,Beleza,Mondial,107.90,106.0125000000000000,99.27,111.14,4,1.78045041858271430300,8.69346227460461368000,ACIMA_DA_MEDIA,642.00,6
prd_e66747c9b59e,Cesto de Vime,Casa,Brastemp,194.00,193.5150000000000000,178.48,205.64,4,0.25062656641604010000,8.69565217391304347800,ACIMA_DA_MEDIA,3230.10,17
prd_e772a9cda46d,Blusa de Algodão,Moda,LG,36.90,37.6375000000000000,36.16,40.59,4,-1.95948189970109598100,2.04646017699115044200,ABAIXO_DA_MEDIA,138.37,4
prd_ea6b930ce9ac,Gravador de Voz,Áudio,Lenovo,156.99,159.3450000000000000,156.99,161.70,2,-1.47792525651887414100,0.00000000000000000000,ABAIXO_DA_MEDIA,1569.90,10
prd_ebb0865fc95d,Fone Gamer RGB,Áudio,Arno,175.99,172.0300000000000000,167.19,181.27,4,2.30192408300877753900,5.26347269573539087300,ACIMA_DA_MEDIA,1522.31,9
prd_ebdebaf4cd37,Edredom Casal,Casa,Xiaomi,39.90,39.7975000000000000,37.90,42.29,4,0.25755386644889754400,5.27704485488126649100,ACIMA_DA_MEDIA,349.11,9
prd_eda682ecfacb,Organizador de Gaveta,Casa,Electrolux,171.00,169.7175000000000000,162.45,181.26,4,0.75566750629722921900,5.26315789473684210500,ACIMA_DA_MEDIA,1898.10,11
prd_eea07161e6c8,Brincos de Prata,Acessórios,Electrolux,48.99,47.3566666666666667,45.07,50.46,3,3.44900401210670788800,8.69758153982693587800,ACIMA_DA_MEDIA,921.01,19
prd_ef0b5e05efef,Creme Hidratante,Beleza,Electrolux,247.90,247.0733333333333333,242.94,255.34,3,0.33458352445967460400,2.04165637605993249400,ACIMA_DA_MEDIA,1908.83,8
prd_f063f46a7ef8,Fone de Ouvido Esportivo,Áudio,Consul,1428.99,1436.1350000000000000,1400.41,1471.86,2,-0.49751590205656153500,2.04083089952228276000,ABAIXO_DA_MEDIA,116462.65,85
prd_f1f39e56f84d,Bermuda Tactel,Moda,Motorola,54.99,54.9900000000000000,53.89,58.29,4,0.00000000000000000000,2.04119502690666171800,NA_MEDIA,1080.55,20
prd_f325ffd3f299,Tênis Adidas Samba,Tênis,Nike,43.90,21.9500000000000000,21.95,21.95,4,100.00000000000000000000,100.00000000000000000000,MAIS_CARO_QUE_TODOS,0,0
prd_f35f1b6d73bf,Fone Gamer Wireless,Games,Brastemp,93.99,93.3633333333333333,89.29,96.81,3,0.67121282444928419500,5.26374734012767387200,ACIMA_DA_MEDIA,0,0
prd_f4d216bbeb27,Tênis Puma Future,Tênis,Adidas,67.90,33.9500000000000000,33.95,33.95,3,100.00000000000000000000,100.00000000000000000000,MAIS_CARO_QUE_TODOS,0,0
prd_f6a0a3346af9,Carteira de Couro,Acessórios,LG,273.90,274.5850000000000000,251.99,290.33,4,-0.24946737804322887300,8.69478947577284812900,ABAIXO_DA_MEDIA,547.80,2
prd_f77140ad51ec,Edredom Casal,Casa,Sony,95.90,98.0600000000000000,95.90,98.78,4,-2.20273302059963287800,0.00000000000000000000,ABAIXO_DA_MEDIA,0,0
prd_f79cf82f8ee0,Caixa de Som JBL,Eletrônicos,Mondial,219.90,216.9700000000000000,208.91,226.50,3,1.35041710835599391600,5.26063855248671676800,ACIMA_DA_MEDIA,1462.35,7
prd_f7ed5522d23e,Macacão Feminino,Moda,Samsung,242.90,237.4325000000000000,230.75,250.19,4,2.30275973171322375800,5.26543878656554712900,ACIMA_DA_MEDIA,1858.16,8
prd_f8e027f417be,Placa Mãe B450,Informática,O Boticário,180.90,183.3133333333333333,177.28,186.33,3,-1.31650725533694583100,2.04196750902527075800,ABAIXO_DA_MEDIA,859.26,5
prd_face62224c50,Tênis Adidas Stan Smith,Tênis,Puma,38.99,19.5000000000000000,19.50,19.50,4,99.94871794871794871800,99.94871794871794871800,MAIS_CARO_QUE_TODOS,0,0
prd_faf3fd1a4155,Cinto de Couro,Acessórios,Dell,102.90,103.1575000000000000,100.84,105.99,4,-0.24961830211084991400,2.04284014280047600200,ABAIXO_DA_MEDIA,1286.20,13
prd_fb32df842fbd,Vestido Floral,Moda,Consul,92.90,89.1850000000000000,85.47,92.90,2,4.16549868251387565200,8.69310869310869310900,ACIMA_DA_MEDIA,1170.54,13
prd_fcd221b5cb48,Tênis Puma Future,Tênis,Nike,123.99,61.9900000000000000,61.99,61.99,4,100.0161316341345400,100.0161316341345400,MAIS_CARO_QUE_TODOS,0,0
prd_fce914504522,Headset Gamer 7.1,Games,Brastemp,74.99,73.6775000000000000,71.24,74.99,4,1.78141223575718502900,5.26389668725435148800,ACIMA_DA_MEDIA,524.93,7
prd_fd4be5bad76d,Colchonete Yoga,Esporte,Sony,140.90,140.1950000000000000,133.85,145.13,4,0.50287100110560291000,5.26709002614867388900,ACIMA_DA_MEDIA,690.41,5
prd_fd706b862db2,Cinto de Couro,Acessórios,Philips,584.99,587.9150000000000000,573.29,620.09,4,-0.49752090013012085100,2.04085192485478553600,ABAIXO_DA_MEDIA,0,0
prd_ff35b88df534,SSD 500GB,Eletrônicos,Acer,211.90,210.8400000000000000,194.95,224.61,4,0.50275090115727565900,8.69453706078481662000,ACIMA_DA_MEDIA,15214.52,73
prd_ff56c9132964,Regata Básica,Moda,Xiaomi,213.99,220.4100000000000000,213.99,226.83,3,-2.91275350483190417900,0.00000000000000000000,ABAIXO_DA_MEDIA,4140.70,20